{"cameraMode":{"drawMode":0,"name":"Shaded","section":"Shading Mode"},"sceneLighting":false,"audioPlay":false,"sceneViewState":{"m_AlwaysRefresh":false,"showFog":true,"showSkybox":true,"showFlares":true,"showImageEffects":true,"showParticleSystems":true,"showVisualEffectGraphs":true,"m_FxEnabled":false},"in2DMode":false,"pivot":{"x":0.004896597936749458,"y":-2.1536645889282228,"z":-0.7027504444122315},"rotation":{"x":0.6990419030189514,"y":0.04280899837613106,"z":-0.041986286640167239,"w":0.7125757336616516},"size":6.759278774261475,"orthographic":false}