{"cameraMode":{"drawMode":0,"name":"Shaded","section":"Shading Mode"},"sceneLighting":false,"audioPlay":false,"sceneViewState":{"m_AlwaysRefresh":false,"showFog":true,"showSkybox":true,"showFlares":true,"showImageEffects":true,"showParticleSystems":true,"showVisualEffectGraphs":true,"m_FxEnabled":false},"in2DMode":false,"pivot":{"x":-0.016802310943603517,"y":-1.600520133972168,"z":1.2629942893981934},"rotation":{"x":0.6530669331550598,"y":0.03970111533999443,"z":-0.03431051969528198,"w":0.7554903626441956},"size":9.051349639892579,"orthographic":false}