{"cameraMode":{"drawMode":0,"name":"Shaded","section":"Shading Mode"},"sceneLighting":false,"audioPlay":false,"sceneViewState":{"m_AlwaysRefresh":false,"showFog":true,"showSkybox":true,"showFlares":true,"showImageEffects":true,"showParticleSystems":true,"showVisualEffectGraphs":true,"m_FxEnabled":false},"in2DMode":false,"pivot":{"x":-0.42483001947402956,"y":-8.97243881225586,"z":0.04590117931365967},"rotation":{"x":-0.6842480301856995,"y":-0.037559378892183307,"z":0.03533490002155304,"w":-0.7274410128593445},"size":10.122593879699707,"orthographic":false}