{"cameraMode":{"drawMode":0,"name":"Shaded","section":"Shading Mode"},"sceneLighting":false,"audioPlay":false,"sceneViewState":{"m_AlwaysRefresh":false,"showFog":true,"showSkybox":true,"showFlares":true,"showImageEffects":true,"showParticleSystems":true,"showVisualEffectGraphs":true,"m_FxEnabled":false},"in2DMode":false,"pivot":{"x":-2.200291872024536,"y":-4.1717939376831059,"z":30.611888885498048},"rotation":{"x":0.05036504194140434,"y":-0.023652836680412294,"z":0.0011913157068192959,"w":0.9984544515609741},"size":24.943584442138673,"orthographic":false}