{"cameraMode":{"drawMode":0,"name":"Shaded","section":"Shading Mode"},"sceneLighting":false,"audioPlay":false,"sceneViewState":{"m_AlwaysRefresh":false,"showFog":true,"showSkybox":true,"showFlares":true,"showImageEffects":true,"showParticleSystems":true,"showVisualEffectGraphs":true,"m_FxEnabled":false},"in2DMode":false,"pivot":{"x":-0.20587654411792756,"y":-15.587841033935547,"z":1.4419853687286378},"rotation":{"x":0.6964201331138611,"y":0.002153961453586817,"z":-0.002088049426674843,"w":0.7176308035850525},"size":15.557148933410645,"orthographic":false}